frame_time_ms,frame_id,frame_type,marker,ch0_function,ch0_red,ch0_green,ch0_blue,ch1_function,ch1_red,ch1_green,ch1_blue,ch2_function,ch2_red,ch2_green,ch2_blue,ch3_function,ch3_red,ch3_green,ch3_blue,ch4_function,ch4_red,ch4_green,ch4_blue,ch5_function,ch5_red,ch5_green,ch5_blue,ch6_function,ch6_red,ch6_green,ch6_blue,ch7_function,ch7_red,ch7_green,ch7_blue,ch8_function,ch8_red,ch8_green,ch8_blue
0,0,color,,0,15,0,0,0,15,0,0,0,15,0,0,0,15,0,0,0,15,0,0,0,15,0,0,0,15,0,0,0,15,0,0,0,15,0,0
60,1,color,,0,0,15,0,0,0,15,0,0,0,15,0,0,0,15,0,0,0,15,0,0,0,15,0,0,0,15,0,0,0,15,0,0,0,15,0
120,2,color,,0,0,0,15,0,0,0,15,0,0,0,15,0,0,0,15,0,0,0,15,0,0,0,15,0,0,0,15,0,0,0,15,0,0,0,15
180,3,color,,0,15,15,0,0,15,15,0,0,15,15,0,0,15,15,0,0,15,15,0,0,15,15,0,0,15,15,0,0,15,15,0,0,15,15,0
240,4,color,,0,0,15,15,0,0,15,15,0,0,15,15,0,0,15,15,0,0,15,15,0,0,15,15,0,0,15,15,0,0,15,15,0,0,15,15
300,5,color,,0,15,0,15,0,15,0,15,0,15,0,15,0,15,0,15,0,15,0,15,0,15,0,15,0,15,0,15,0,15,0,15,0,15,0,15
360,6,color,,0,15,15,15,0,15,15,15,0,15,15,15,0,15,15,15,0,15,15,15,0,15,15,15,0,15,15,15,0,15,15,15,0,15,15,15
420,7,blackout,,0,0,0,0,0,0,0,0,0,0,0,0,0,0,0,0,0,0,0,0,0,0,0,0,0,0,0,0,0,0,0,0,0,0,0,0
480,8,color,,0,15,0,0,0,15,0,0,0,15,0,0,0,15,0,0,0,15,0,0,0,15,0,0,0,15,0,0,0,15,0,0,0,15,0,0
540,9,color,,0,0,15,0,0,0,15,0,0,0,15,0,0,0,15,0,0,0,15,0,0,0,15,0,0,0,15,0,0,0,15,0,0,0,15,0
600,10,color,,0,0,0,15,0,0,0,15,0,0,0,15,0,0,0,15,0,0,0,15,0,0,0,15,0,0,0,15,0,0,0,15,0,0,0,15
660,11,color,,0,15,15,0,0,15,15,0,0,15,15,0,0,15,15,0,0,15,15,0,0,15,15,0,0,15,15,0,0,15,15,0,0,15,15,0
720,12,color,,0,0,15,15,0,0,15,15,0,0,15,15,0,0,15,15,0,0,15,15,0,0,15,15,0,0,15,15,0,0,15,15,0,0,15,15
780,13,color,,0,15,0,15,0,15,0,15,0,15,0,15,0,15,0,15,0,15,0,15,0,15,0,15,0,15,0,15,0,15,0,15,0,15,0,15
840,14,color,,0,15,15,15,0,15,15,15,0,15,15,15,0,15,15,15,0,15,15,15,0,15,15,15,0,15,15,15,0,15,15,15,0,15,15,15
900,15,blackout,,0,0,0,0,0,0,0,0,0,0,0,0,0,0,0,0,0,0,0,0,0,0,0,0,0,0,0,0,0,0,0,0,0,0,0,0
960,16,color,,0,15,0,0,0,15,0,0,0,15,0,0,0,15,0,0,0,15,0,0,0,15,0,0,0,15,0,0,0,15,0,0,0,15,0,0
1020,17,color,,0,0,15,0,0,0,15,0,0,0,15,0,0,0,15,0,0,0,15,0,0,0,15,0,0,0,15,0,0,0,15,0,0,0,15,0
1080,18,color,,0,0,0,15,0,0,0,15,0,0,0,15,0,0,0,15,0,0,0,15,0,0,0,15,0,0,0,15,0,0,0,15,0,0,0,15
1140,19,color,,0,15,15,0,0,15,15,0,0,15,15,0,0,15,15,0,0,15,15,0,0,15,15,0,0,15,15,0,0,15,15,0,0,15,15,0
1200,20,color,,0,0,15,15,0,0,15,15,0,0,15,15,0,0,15,15,0,0,15,15,0,0,15,15,0,0,15,15,0,0,15,15,0,0,15,15
1260,21,color,,0,15,0,15,0,15,0,15,0,15,0,15,0,15,0,15,0,15,0,15,0,15,0,15,0,15,0,15,0,15,0,15,0,15,0,15
1320,22,color,,0,15,15,15,0,15,15,15,0,15,15,15,0,15,15,15,0,15,15,15,0,15,15,15,0,15,15,15,0,15,15,15,0,15,15,15
1380,23,blackout,,0,0,0,0,0,0,0,0,0,0,0,0,0,0,0,0,0,0,0,0,0,0,0,0,0,0,0,0,0,0,0,0,0,0,0,0
1440,24,color,,0,15,0,0,0,15,0,0,0,15,0,0,0,15,0,0,0,15,0,0,0,15,0,0,0,15,0,0,0,15,0,0,0,15,0,0
1500,25,color,,0,0,15,0,0,0,15,0,0,0,15,0,0,0,15,0,0,0,15,0,0,0,15,0,0,0,15,0,0,0,15,0,0,0,15,0
1560,26,color,,0,0,0,15,0,0,0,15,0,0,0,15,0,0,0,15,0,0,0,15,0,0,0,15,0,0,0,15,0,0,0,15,0,0,0,15
1620,27,color,,0,15,15,0,0,15,15,0,0,15,15,0,0,15,15,0,0,15,15,0,0,15,15,0,0,15,15,0,0,15,15,0,0,15,15,0
1680,28,color,,0,0,15,15,0,0,15,15,0,0,15,15,0,0,15,15,0,0,15,15,0,0,15,15,0,0,15,15,0,0,15,15,0,0,15,15
1740,29,color,,0,15,0,15,0,15,0,15,0,15,0,15,0,15,0,15,0,15,0,15,0,15,0,15,0,15,0,15,0,15,0,15,0,15,0,15
1800,30,color,,0,15,15,15,0,15,15,15,0,15,15,15,0,15,15,15,0,15,15,15,0,15,15,15,0,15,15,15,0,15,15,15,0,15,15,15
1860,31,blackout,,0,0,0,0,0,0,0,0,0,0,0,0,0,0,0,0,0,0,0,0,0,0,0,0,0,0,0,0,0,0,0,0,0,0,0,0
1920,32,color,,0,15,0,0,0,15,0,0,0,15,0,0,0,15,0,0,0,15,0,0,0,15,0,0,0,15,0,0,0,15,0,0,0,15,0,0
1980,33,color,,0,0,15,0,0,0,15,0,0,0,15,0,0,0,15,0,0,0,15,0,0,0,15,0,0,0,15,0,0,0,15,0,0,0,15,0
2040,34,color,,0,0,0,15,0,0,0,15,0,0,0,15,0,0,0,15,0,0,0,15,0,0,0,15,0,0,0,15,0,0,0,15,0,0,0,15
2100,35,color,,0,15,15,0,0,15,15,0,0,15,15,0,0,15,15,0,0,15,15,0,0,15,15,0,0,15,15,0,0,15,15,0,0,15,15,0
2160,36,color,,0,0,15,15,0,0,15,15,0,0,15,15,0,0,15,15,0,0,15,15,0,0,15,15,0,0,15,15,0,0,15,15,0,0,15,15
2220,37,color,,0,15,0,15,0,15,0,15,0,15,0,15,0,15,0,15,0,15,0,15,0,15,0,15,0,15,0,15,0,15,0,15,0,15,0,15
2280,38,color,,0,15,15,15,0,15,15,15,0,15,15,15,0,15,15,15,0,15,15,15,0,15,15,15,0,15,15,15,0,15,15,15,0,15,15,15
2340,39,blackout,,0,0,0,0,0,0,0,0,0,0,0,0,0,0,0,0,0,0,0,0,0,0,0,0,0,0,0,0,0,0,0,0,0,0,0,0
